{
    "total_files": 850,
    "text_based_pdfs": 460,
    "image_based_pdfs": 389,
    "pdfs_with_images": 776,
    "total_images": 3486,
    "avg_words_per_doc": 558.6023529411765,
    "avg_pages_per_doc": 2.1294117647058823,
    "extraction_date": "2025-05-16 10:16:54"
}